holiday,ds,persian_year
نوروز,2019-03-21,1398
نوروز,2019-03-22,1398
نوروز,2019-03-23,1398
نوروز,2019-03-24,1398
روز جمهوری اسلامی,2019-04-01,1398
سیزده‌بدر,2019-04-02,1398
مبعث,2019-04-03,1398
نیمه شعبان,2019-04-21,1398
شهادت امام علی,2019-05-26,1398
رحلت امام خمینی,2019-06-04,1398
قیام ۱۵ خرداد,2019-06-05,1398
عید فطر,2019-06-05,1398
روز بعد عید فطر,2019-06-06,1398
شهادت امام صادق,2019-06-29,1398
عید قربان,2019-08-11,1398
عید غدیر,2019-08-19,1398
تاسوعا,2019-09-08,1398
عاشورا,2019-09-09,1398
اربعین,2019-10-19,1398
رحلت پیامبر و شهادت امام حسن,2019-10-27,1398
شهادت امام رضا,2019-10-29,1398
میلاد پیامبر و امام صادق,2019-11-10,1398
شب یلدا,2019-12-21,1398
روز ملی شدن صنعت نفت,2020-03-19,1398
نوروز,2020-03-20,1399
نوروز,2020-03-21,1399
نوروز,2020-03-22,1399
نوروز,2020-03-23,1399
روز جمهوری اسلامی,2020-03-31,1399
سیزده‌بدر,2020-04-01,1399
مبعث,2020-03-22,1399
نیمه شعبان,2020-04-08,1399
عید فطر,2020-05-24,1399
روز بعد عید فطر,2020-05-25,1399
عید قربان,2020-07-31,1399
عید غدیر,2020-08-08,1399
تاسوعا,2020-08-29,1399
عاشورا,2020-08-30,1399
اربعین,2020-10-08,1399
رحلت پیامبر و شهادت امام حسن,2020-10-16,1399
شهادت امام رضا,2020-10-18,1399
میلاد پیامبر و امام صادق,2020-10-29,1399
شب یلدا,2020-12-21,1399
نوروز,2021-03-21,1400
نوروز,2021-03-22,1400
نوروز,2021-03-23,1400
نوروز,2021-03-24,1400
روز جمهوری اسلامی,2021-04-01,1400
سیزده‌بدر,2021-04-02,1400
مبعث,2021-03-11,1400
نیمه شعبان,2021-03-30,1400
عید فطر,2021-05-13,1400
روز بعد عید فطر,2021-05-14,1400
عید قربان,2021-07-20,1400
عید غدیر,2021-07-27,1400
تاسوعا,2021-08-18,1400
عاشورا,2021-08-19,1400
اربعین,2021-09-27,1400
رحلت پیامبر و شهادت امام حسن,2021-10-05,1400
شهادت امام رضا,2021-10-07,1400
میلاد پیامبر و امام صادق,2021-10-19,1400
شب یلدا,2021-12-21,1400
نوروز,2022-03-21,1401
نوروز,2022-03-22,1401
نوروز,2022-03-23,1401
نوروز,2022-03-24,1401
روز جمهوری اسلامی,2022-04-01,1401
سیزده‌بدر,2022-04-02,1401
مبعث,2022-03-01,1401
نیمه شعبان,2022-03-18,1401
عید فطر,2022-05-02,1401
روز بعد عید فطر,2022-05-03,1401
عید قربان,2022-07-09,1401
عید غدیر,2022-07-18,1401
تاسوعا,2022-08-07,1401
عاشورا,2022-08-08,1401
اربعین,2022-09-17,1401
رحلت پیامبر و شهادت امام حسن,2022-09-26,1401
شهادت امام رضا,2022-09-28,1401
میلاد پیامبر و امام صادق,2022-10-12,1401
شب یلدا,2022-12-21,1401
نوروز,2023-03-21,1402
نوروز,2023-03-22,1402
نوروز,2023-03-23,1402
نوروز,2023-03-24,1402
روز جمهوری اسلامی,2023-04-01,1402
سیزده‌بدر,2023-04-02,1402
مبعث,2023-02-18,1402
نیمه شعبان,2023-03-08,1402
عید فطر,2023-04-22,1402
روز بعد عید فطر,2023-04-23,1402
عید قربان,2023-06-29,1402
عید غدیر,2023-07-07,1402
تاسوعا,2023-07-27,1402
عاشورا,2023-07-28,1402
اربعین,2023-09-06,1402
رحلت پیامبر و شهادت امام حسن,2023-09-14,1402
شهادت امام رضا,2023-09-15,1402
میلاد پیامبر و امام صادق,2023-10-03,1402
شب یلدا,2023-12-21,1402
